Name,G,Name-additional
Ryan Aguilar,7,aguilry01
Cam Alldred,0,alldrca01
Francisco Álvarez,12,alvarfr01
Gabriel Arias,29,ariasga01
Javier Assad,0,assadja01
Pedro Avila,2,avilape01
Ji Hwan Bae,29,baeji01
Rylan Bannon,5,bannory01
Peyton Battenfield,0,battepe01
Brett Baty,15,batybr01
Tristan Beck,0,becktr01
Wynton Bernard,12,bernawy01
Brennan Bernardino,0,bernabr01
Dairon Blanco,5,blancda02
Ronel Blanco,0,blancro01
Taj Bradley,0,bradlta01
Will Brennan,27,brennwi02
Braden Bristo,0,bristbr01
Jhony Brito,0,britojh01
Hunter Brown,0,brownhu01
Alec Burleson,32,burleal01
José Butto,0,buttojo01
Jose Caballero,4,cabaljo01
Yennier Cano,1,canoye01
Conner Capel,39,capelco01
Vinny Capra,8,capravi01
Drew Carlton,2,carltdr01
Corbin Carroll,53,carroco02
Triston Casas,47,casastr01
Cade Cavalli,0,cavalca01
Oscar Colás,19,colasos01
Mark Contreras,28,contrma01
Cooper Criswell,0,criswco01
Narciso Crook,4,crookna01
Fernando Cruz,0,cruzfe01
Jesus Cruz,0,cruzje01
Xzavion Curry,0,curryxz01
Tyler Cyr,0,cyrty01
Brendon Davis,3,davisbr04
Jaylin Davis,38,davisja03
Noah Davis,0,davisno01
Angel De Jesus,0,dejesan01
Ben DeLuzio,22,deluzbe01
Matt Dermody,1,dermoma01
Jhonathan Diaz,0,diazjh01
Jordan Diaz,17,diazjo03
Yainer Diaz,14,diazya02
Yusniel Diaz,1,diazyu01
Dylan Dodd,0,dodddy01
Jeter Downs,14,downsje01
Daniel Duarte,0,duartda01
Joe Dunand,3,dunanjo01
Nick Duron,0,duronni01
Mason Englert,0,englema01
Anderson Espinoza,0,espinan01
Jeremiah Estrada,0,estraje01
Mario Feliciano,3,felicma01
Freddy Fermin,3,fermifr01
Nate Fisher,0,fishena01
Jake Fishman,0,fishmja01
Lucius Fox,10,foxlu01
Bowden Francis,0,francbo01
Shintaro Fujinami,0,fujinsh01
Hunter Gaddis,0,gaddihu01
Matt Gage,0,gagema01
Maikel Garcia,9,garcima01
Franklin German,0,germafr02
Luis Gil,0,gillu01
Jordan Groshans,17,groshjo01
Michael Grove,0,grovemi01
Dalton Guthrie,14,guthrda01
DL Hall,0,halldl01
Ian Hamilton,0,hamilia01
Hobie Harris,0,harriho02
Hogan Harris,0,harriho03
Brent Headrick,0,headrbr01
Gunnar Henderson,51,hendegu01
Ronny Henriquez,0,henriro01
Kevin Herget,0,hergeke01
Elier Hernandez,14,hernael02
Jose Hernandez,0,hernajo03
Iván Herrera,11,herreiv01
Tim Herrin,0,herriti01
Brewer Hicklen,6,hicklbr01
Sean Hjelle,0,hjellse01
Bryan Hoeing,0,hoeinbr01
Gavin Hollowell,0,holloga01
Tyler Holton,0,holtoty01
Brent Honeywell Jr.,0,honeybr01
Andre Jackson,3,jacksan01
Drey Jameson,1,jamesdr01
Bryce Johnson,21,johnsbr03
Damon Jones,1,jonesda07
Edouard Julien,8,julieed01
Corey Julks,14,julksco01
Josh Jung,44,jungjo01
Janson Junk,0,junkja01
Kevin Kelly,0,kellyke02
Michael Kelly,0,kellymi03
Zack Kelly,0,kellyza01
Ray Kerr,0,kerrra01
Caleb Kilian,0,kiliaca01
Mark Kolozsvary,10,kolozma01
Max Kranick,8,kranima01
Ryan Kreidler,37,kreidry01
Jack Larsen,1,larseja01
Bryan Lavastida,6,lavasbr01
Evan Lee,0,leeev01
Khalil Lee,13,leekh01
Korey Lee,12,leeko01
Casey Legumina,0,legumca01
Josh Lester,2,lestejo02
Royce Lewis,12,lewisro02
Luis Liberato,7,liberlu01
Matthew Liberatore,1,liberma01
Jeff Lindgren,0,lindgje01
Brendon Little,0,littlbr02
Otto Lopez,9,lopezot01
Nathan Lukes,5,lukesna01
Miles Mastrobuoni,16,mastrmi01
Darren McCaughan,1,mccauda01
Mickey McDonald,4,mcdonmi01
Easton McGee,0,mcgeeea01
Scott McGough,7,mcgousc01
Max Meyer,0,meyerma01
Mason Miller,0,millema03
Tyson Miller,0,millety01
Garrett Mitchell,44,mitchga01
Nate Mondou,1,mondona01
Bryce Montes de Oca,0,montebr01
McKinley Moore,0,mooremc01
Francisco Morales,0,moralfr02
Brian Moran,10,moranbr01
Cody Morris,0,morrico01
Kyle Muller,9,mulleky01
Parker Mushinski,0,mushipa01
Símon Muzziotti,9,muzzisi01
James Naile,0,naileja01
Bo Naylor,5,naylobo01
Ryne Nelson,0,nelsory01
Zach Neto,7,netoza01
Vinny Nittoli,0,nittovi01
Ryan Noda,19,nodary01
Riley O'Brien,0,obrieri01
Logan O'Hoppe,21,ohopplo01
Brian O'Keefe,2,okeefbr01
Chris Okey,7,okeych01
Luis Ortiz,0,ortizlu02
Luis Ortiz,0,ortizlu03
James Outman,25,outmaja01
Nicholas Padilla,0,padilni01
Jermaine Palacios,30,palacje01
Ryan Pepiot,0,pepiory01
Oswald Peraza,22,perazos02
Carlos Pérez,7,perezca03
Joe Perez,1,perezjo02
Blake Perkins,2,perkibl01
Israel Pineda,4,pinedis01
Michael Plassmeyer,0,plassmi01
Ford Proctor,7,proctfo01
Esteban Quiroz,14,quiroes01
Heliot Ramos,17,ramoshe02
Denyi Reyes,0,reyesde02
Ethan Roberts,0,roberet01
Kramer Robertson,2,roberkr01
Elvin Rodriguez,0,rodriel02
Grayson Rodriguez,0,rodrigr01
José Rodríguez,0,rodrijo07
Yerry Rodríguez,0,rodriye01
Jhon Romero,5,romerjh01
Tommy Romero,0,romerto01
Eguy Rosario,7,rosareg01
Kenny Rosenberg,0,rosenke01
Bubby Rossman,0,rossmbu01
Esteury Ruiz,37,ruizes01
Norge Ruíz,0,ruizno01
Blake Sabol,14,sabolbl01
César Salazar,6,salazce01
Phoenix Sanders,0,sandeph01
Cole Sands,0,sandsco01
Donny Sands,3,sandsdo01
Gregory Santos,3,santogr01
Jesse Scholtens,0,scholje01
Connor Seabold,0,seaboco01
Kodai Senga,0,sengako01
Jared Shuster,0,shustja01
Michael Siani,9,sianimi01
Chase Silseth,0,silsech01
Ethan Small,0,smallet01
Canaan Smith-Njigba,16,smithca05
Nicklaus Snyder,0,snydeni01
Jared Solomon,0,solomja01
Peter Solomon,1,solompe01
George Soriano,0,soriage01
Lenyn Sosa,20,sosale01
Livan Soto,18,sotoli01
Spencer Steer,45,steersp01
Cal Stevenson,23,steveca01
Levi Stoudt,0,stoudle01
Brett Sullivan,2,sullibr01
Travis Swaggerty,5,swaggtr01
Thomas Szapucki,1,szaputh01
Freddy Tarnok,0,tarnofr01
Jackson Tetreault,0,tetreja01
Cody Thomas,10,thomaco01
Michael Toglia,31,toglimi01
Justin Topa,5,topaju01
Ezequiel Tovar,27,tovarez01
Tanner Tully,0,tullyta01
Brice Turang,19,turanbr02
Kyle Tyler,1,tylerky01
Enmanuel Valdez,1,valdeen01
Carlos Vargas,0,vargaca01
Miguel Vargas,37,vargami01
Gus Varland,0,varlagu01
Louie Varland,0,varlalo01
Cam Vieaux,0,vieauca01
Mark Vientos,16,vientma01
Anthony Volpe,20,volpean01
Cole Waites,0,waiteco01
Ken Waldichuk,0,waldike01
Jordan Walker,19,walkejo02
Steele Walker,5,walkest01
Matt Wallner,24,wallnma01
Jake Walsh,0,walshja02
Nash Walters,0,waltena01
Thaddeus Ward,0,wardth01
Zack Weiss,1,weissza01
Greg Weissert,0,weissgr01
Joey Wentz,0,wentzjo01
Hayden Wesneski,0,wesneha01
Aaron Whitefield,8,whiteaa01
Joey Wiemer,19,wiemejo01
Marcus Wilson,3,wilsoma02
Brett Wisely,5,wiselbr01
Simeon Woods Richardson,0,woodssi01
William Woods,0,woodswi02
Masataka Yoshida,15,yoshima02
Danny Young,0,youngda02
Jared Young,6,youngja02
Aneurys Zabala,0,zabalan01
Angel Zerpa,0,zerpaan01